{"noiseKey":{"private":{"type":"Buffer","data":"6P6y8I4fN4Q0lsyQFjGoOxQhJ0pX8zgt01OowVqmxlo="},"public":{"type":"Buffer","data":"+gvMs1ygR7+u/2d5Ir2x9Uk1Zt15QzpXNwhSdAPubgU="}},"pairingEphemeralKeyPair":{"private":{"type":"Buffer","data":"YNk6GFa/cPoztRQYX2SOor8n/Nt+B+J7vATjGEMpBmM="},"public":{"type":"Buffer","data":"e3NOTOXLTvlTjzXSo1fAtrIYnstUcbXyd17ZknmyBV4="}},"signedIdentityKey":{"private":{"type":"Buffer","data":"WArkcLdTaAgcrrN8atWVlirJeEN0e9AIV5RhfbbtzH0="},"public":{"type":"Buffer","data":"yOkbTVz6kUj4yaZ2LTcrUYuN2llh7WtT2siJXRxjgwk="}},"signedPreKey":{"keyPair":{"private":{"type":"Buffer","data":"AP0hCXxRjPnU9G7liRgiE1Y2VcFrvT+4sy92ISfyIWk="},"public":{"type":"Buffer","data":"JlVNxZtbpqmkVo4P6LjiZLZbdwhO+/Ui9fSfvDmkVQM="}},"signature":{"type":"Buffer","data":"cvB81OTBRNBw14R3wXT0//syr55EmvogApjJqfZzaSg1AuL/JvwPfgmfNAr5TzIKxt/iFu0Dd6uwcA1rTOn1CA=="},"keyId":1},"registrationId":58,"advSecretKey":"UYnxSrnsmi7ZH2XJHWb3NueXqrkhdilxKfgKAOgQVl0=","processedHistoryMessages":[{"key":{"remoteJid":"212781458326@s.whatsapp.net","fromMe":true,"id":"960F999BBB828DECAC0794AEC83A74A0"},"messageTimestamp":1710519653},{"key":{"remoteJid":"212781458326@s.whatsapp.net","fromMe":true,"id":"14CF85F65E226C60FEAD113B772657A7"},"messageTimestamp":1710519654}],"nextPreKeyId":31,"firstUnuploadedPreKeyId":31,"accountSyncCounter":1,"accountSettings":{"unarchiveChats":false},"deviceId":"nr7kFx0URoGOuC7dJDcYbA","phoneId":"d4f521f9-d57c-4a80-934f-5df600488e12","identityId":{"type":"Buffer","data":"MA50vldsoktkydTktIyQ6VSXfu4="},"registered":true,"backupToken":{"type":"Buffer","data":"vlR26Nh6cM1GcFlgavubwjNwqZA="},"registration":{},"pairingCode":"BWAHL2X2","me":{"id":"212781458326:3@s.whatsapp.net","name":"i s s a m - b o t"},"account":{"details":"CKeo7P4CEN3q0a8GGAEgACgA","accountSignatureKey":"h7etaI6LjiLf+HQ14WIw6ekhkRzFLgPMhyjYLZY41BY=","accountSignature":"Vg32jv2sJGpoT9ZKck6o3P3p+j+5e66qXsKYgwz70i4QBSAY9eZMkp8YrNkTRzSJJnFjIQ/seYktsBSMOT0CBw==","deviceSignature":"gF/awkpfGG6CSgoEcXcqmMfuM0ELhvH8uyo81U7IcYiNifKJ3+BdrIW5i7Y/ZQ6pVVBa16r4An49rKr+VaOzBQ=="},"signalIdentities":[{"identifier":{"name":"212781458326:3@s.whatsapp.net","deviceId":0},"identifierKey":{"type":"Buffer","data":"BYe3rWiOi44i3/h0NeFiMOnpIZEcxS4DzIco2C2WONQW"}}],"platform":"smba","lastAccountSyncTimestamp":1710519647,"myAppStateKeyId":"AAAAAOvp"}
